id,slope,intercept
0,0.9999146924638005,-84.03411330249395
1,0.4829914827651356,379.652537616225
2,0.20992194452988344,30.979968396764747
3,1.8889264676957538,-101.10620910949814
4,-0.08077458788042025,-120.17067810321352
